CdDependencia,NombreDependencia,IdZona,NombreZona,IdCiudad,NombreCiudad,CdCadena,NombreCadena
1,SUPERMERCADOS A OCANA NUMERO 1,1,SANTANDERES,54498,OCANA,A,SUPERMERCADOS A
2,SUPERMERCADOS A BUCARAMANGA NUMERO 2,1,SANTANDERES,68001,BUCARAMANGA,A,SUPERMERCADOS A
3,SUPERMERCADOS A BARRANCABERMEJA NUMERO 3,1,SANTANDERES,68081,BARRANCABERMEJA,A,SUPERMERCADOS A
4,SUPERMERCADOS A BUCARAMANGA NUMERO 4,1,SANTANDERES,68001,BUCARAMANGA,A,SUPERMERCADOS A
5,SUPERMERCADOS A BUCARAMANGA NUMERO 5,1,SANTANDERES,68001,BUCARAMANGA,A,SUPERMERCADOS A
6,SUPERMERCADOS A BUCARAMANGA NUMERO 6,1,SANTANDERES,68001,BUCARAMANGA,A,SUPERMERCADOS A
7,SUPERMERCADOS A CUCUTA NUMERO 7,1,SANTANDERES,54001,CUCUTA,A,SUPERMERCADOS A
8,SUPERMERCADOS A BUCARAMANGA NUMERO 8,1,SANTANDERES,68001,BUCARAMANGA,A,SUPERMERCADOS A
9,SUPERMERCADOS A CUCUTA NUMERO 9,1,SANTANDERES,54001,CUCUTA,A,SUPERMERCADOS A
10,SUPERMERCADOS A PIEDECUESTA NUMERO 10,1,SANTANDERES,68547,PIEDECUESTA,A,SUPERMERCADOS A
11,SUPERMERCADOS A DUITAMA NUMERO 11,1,SANTANDERES,15238,DUITAMA,A,SUPERMERCADOS A
12,SUPERMERCADOS A SOGAMOSO NUMERO 12,1,SANTANDERES,15759,SOGAMOSO,A,SUPERMERCADOS A
13,SUPERMERCADOS A TUNJA NUMERO 13,1,SANTANDERES,15001,TUNJA,A,SUPERMERCADOS A
14,SUPERMERCADOS A PIEDECUESTA NUMERO 14,1,SANTANDERES,68547,PIEDECUESTA,A,SUPERMERCADOS A
50,SUPERMERCADOS A BARRANQUILLA NUMERO 50,2,COSTA,8001,BARRANQUILLA,A,SUPERMERCADOS A
51,SUPERMERCADOS A SINCELEJO NUMERO 51,2,COSTA,70001,SINCELEJO,A,SUPERMERCADOS A
52,SUPERMERCADOS A CARTAGENA NUMERO 52,2,COSTA,13001,CARTAGENA,A,SUPERMERCADOS A
53,SUPERMERCADOS A BARRANQUILLA NUMERO 53,2,COSTA,8001,BARRANQUILLA,A,SUPERMERCADOS A
54,SUPERMERCADOS A SANTIAGO DE TOLU NUMERO 54,2,COSTA,70820,SANTIAGO DE TOLU,A,SUPERMERCADOS A
55,SUPERMERCADOS A BARRANQUILLA NUMERO 55,2,COSTA,8001,BARRANQUILLA,A,SUPERMERCADOS A
56,SUPERMERCADOS A SOLEDAD NUMERO 56,2,COSTA,8758,SOLEDAD,A,SUPERMERCADOS A
57,SUPERMERCADOS A MAGANGUE NUMERO 57,2,COSTA,13430,MAGANGUE,A,SUPERMERCADOS A
58,SUPERMERCADOS A BARRANQUILLA NUMERO 58,2,COSTA,8001,BARRANQUILLA,A,SUPERMERCADOS A
59,SUPERMERCADOS A CARTAGENA NUMERO 59,2,COSTA,13001,CARTAGENA,A,SUPERMERCADOS A
60,SUPERMERCADOS A SANTA MARTA NUMERO 60,2,COSTA,47001,SANTA MARTA,A,SUPERMERCADOS A
61,SUPERMERCADOS A SANTA MARTA NUMERO 61,2,COSTA,47001,SANTA MARTA,A,SUPERMERCADOS A
62,SUPERMERCADOS A MONTERIA NUMERO 62,2,COSTA,23001,MONTERIA,A,SUPERMERCADOS A
63,SUPERMERCADOS A MONTERIA NUMERO 63,2,COSTA,23001,MONTERIA,A,SUPERMERCADOS A
64,SUPERMERCADOS A SINCELEJO NUMERO 64,2,COSTA,70001,SINCELEJO,A,SUPERMERCADOS A
65,SUPERMERCADOS A CAUCASIA NUMERO 65,2,COSTA,5154,CAUCASIA,A,SUPERMERCADOS A
66,SUPERMERCADOS A VALLEDUPAR NUMERO 66,2,COSTA,20001,VALLEDUPAR,A,SUPERMERCADOS A
67,SUPERMERCADOS B BARRANQUILLA NUMERO 67,2,COSTA,8001,BARRANQUILLA,B,SUPERMERCADOS B
68,SUPERMERCADOS A VALLEDUPAR NUMERO 68,2,COSTA,20001,VALLEDUPAR,A,SUPERMERCADOS A
69,SUPERMERCADOS A MONTERIA NUMERO 69,2,COSTA,23001,MONTERIA,A,SUPERMERCADOS A
70,SUPERMERCADOS A BARRANQUILLA NUMERO 70,2,COSTA,8001,BARRANQUILLA,A,SUPERMERCADOS A
71,SUPERMERCADOS A SANTA MARTA NUMERO 71,2,COSTA,47001,SANTA MARTA,A,SUPERMERCADOS A
72,SUPERMERCADOS A BARRANQUILLA NUMERO 72,2,COSTA,8001,BARRANQUILLA,A,SUPERMERCADOS A
73,SUPERMERCADOS A BARRANQUILLA NUMERO 73,2,COSTA,8001,BARRANQUILLA,A,SUPERMERCADOS A
74,SUPERMERCADOS A CARTAGENA NUMERO 74,2,COSTA,13001,CARTAGENA,A,SUPERMERCADOS A
75,SUPERMERCADOS A BARRANQUILLA NUMERO 75,2,COSTA,8001,BARRANQUILLA,A,SUPERMERCADOS A
76,SUPERMERCADOS A BARRANQUILLA NUMERO 76,2,COSTA,8001,BARRANQUILLA,A,SUPERMERCADOS A
77,SUPERMERCADOS A CARTAGENA NUMERO 77,2,COSTA,13001,CARTAGENA,A,SUPERMERCADOS A
78,SUPERMERCADOS A CARTAGENA NUMERO 78,2,COSTA,13001,CARTAGENA,A,SUPERMERCADOS A
79,SUPERMERCADOS A RIOHACHA NUMERO 79,2,COSTA,44001,RIOHACHA,A,SUPERMERCADOS A
80,SUPERMERCADOS B BARRANQUILLA NUMERO 80,2,COSTA,8001,BARRANQUILLA,B,SUPERMERCADOS B
81,SUPERMERCADOS B ALBANIA NUMERO 81,2,COSTA,44035,ALBANIA,B,SUPERMERCADOS B
82,SUPERMERCADOS B BARRANQUILLA NUMERO 82,2,COSTA,8001,BARRANQUILLA,B,SUPERMERCADOS B
83,SUPERMERCADOS B CARTAGENA NUMERO 83,2,COSTA,13001,CARTAGENA,B,SUPERMERCADOS B
84,SUPERMERCADOS B CARTAGENA NUMERO 84,2,COSTA,13001,CARTAGENA,B,SUPERMERCADOS B
85,SUPERMERCADOS B CARTAGENA NUMERO 85,2,COSTA,13001,CARTAGENA,B,SUPERMERCADOS B
86,SUPERMERCADOS B BARRANQUILLA NUMERO 86,2,COSTA,8001,BARRANQUILLA,B,SUPERMERCADOS B
87,SUPERMERCADOS B SANTA MARTA NUMERO 87,2,COSTA,47001,SANTA MARTA,B,SUPERMERCADOS B
88,SUPERMERCADOS B CARTAGENA NUMERO 88,2,COSTA,13001,CARTAGENA,B,SUPERMERCADOS B
89,SUPERMERCADOS B CARTAGENA NUMERO 89,2,COSTA,13001,CARTAGENA,B,SUPERMERCADOS B
90,SUPERMERCADOS B PUERTO COLOMBIA NUMERO 90,2,COSTA,8573,PUERTO COLOMBIA,B,SUPERMERCADOS B
91,SUPERMERCADOS B SANTA MARTA NUMERO 91,2,COSTA,47001,SANTA MARTA,B,SUPERMERCADOS B
92,SUPERMERCADOS A VALLEDUPAR NUMERO 92,2,COSTA,20001,VALLEDUPAR,A,SUPERMERCADOS A
93,SUPERMERCADOS A SANTA MARTA NUMERO 93,2,COSTA,47001,SANTA MARTA,A,SUPERMERCADOS A
94,SUPERMERCADOS A LORICA NUMERO 94,2,COSTA,23417,LORICA,A,SUPERMERCADOS A
95,SUPERMERCADOS A SABANALARGA NUMERO 95,2,COSTA,8638,SABANALARGA,A,SUPERMERCADOS A
96,SUPERMERCADOS B PUERTO COLOMBIA NUMERO 96,2,COSTA,8573,PUERTO COLOMBIA,B,SUPERMERCADOS B
97,SUPERMERCADOS B SANTA MARTA NUMERO 97,2,COSTA,47001,SANTA MARTA,B,SUPERMERCADOS B
98,SUPERMERCADOS B BARRANQUILLA NUMERO 98,2,COSTA,8001,BARRANQUILLA,B,SUPERMERCADOS B
